{"cameraMode":{"drawMode":0,"name":"Shaded","section":"Shading Mode"},"sceneLighting":false,"audioPlay":false,"sceneViewState":{"m_AlwaysRefresh":false,"showFog":true,"showSkybox":false,"showFlares":true,"showImageEffects":true,"showParticleSystems":true,"showVisualEffectGraphs":true,"m_FxEnabled":true},"in2DMode":false,"pivot":{"x":-1.8399999141693116,"y":-1.9750025272369385,"z":-18.464839935302736},"rotation":{"x":-0.03952808305621147,"y":-0.056330978870391849,"z":0.0022370251826941969,"w":-0.9976560473442078},"size":1.9377899169921876,"orthographic":true}